From,To,Type
http://traselviaje.blogspot.com/,http://magiaenmarruecos.blogspot.com/,0
http://soumiaz.blogspot.com/,http://larbi.org/,0
http://soumiaz.blogspot.com/,http://makhoudjit.blogspot.com/,0
http://supertimba.skynetblogs.be/,http://larbi.org/,0
http://supertimba.skynetblogs.be/,http://labelash.blogspot.com/,0
http://supertimba.skynetblogs.be/,http://9afia.blogspot.com/,0
http://supertimba.skynetblogs.be/,http://lemythe.com/,0
http://supertimba.skynetblogs.be/,http://kingstoune.com/,0
http://supertimba.skynetblogs.be/,http://makhoudjit.blogspot.com/,0
http://sonofwords.blogspot.com/,http://www.7didane.org/,0
http://sonofwords.blogspot.com/,http://lailalalami.com/,0
http://sonofwords.blogspot.com/,http://larbi.org/,0
http://sonofwords.blogspot.com/,http://lemythe.com/,0
http://oef75.blogspot.com/,http://larbi.org/,0
http://adilski.blogspot.com/,http://lailalalami.com/,0
http://lesamismarocains.blogspot.com/,http://larbi.org/,0
http://cabalamuse.wordpress.com/,http://sonofwords.blogspot.com/,0
http://cabalamuse.wordpress.com/,http://adilski.blogspot.com/,0
http://cabalamuse.wordpress.com/,http://lailalalami.com/,0
http://cabalamuse.wordpress.com/,http://blogreda.blogspot.com/,0
http://cabalamuse.wordpress.com/,http://myrtus.typepad.com/,0
http://cabalamuse.wordpress.com/,http://larbi.org/,0
http://cabalamuse.wordpress.com/,http://labelash.blogspot.com/,0
http://cabalamuse.wordpress.com/,http://www.eatbees.com/blog/,0
http://cabalamuse.wordpress.com/,http://al9adiya7amda.blogspot.com/,0
http://cabalamuse.wordpress.com/,http://louladekhmissbatata.wordpress.com/,0
http://lailalalami.com/,http://larbi.org/,0
http://lailalalami.com/,http://labelash.blogspot.com/,0
http://klamia.canalblog.com/,http://slimane.canalblog.com/,0
http://klamia.canalblog.com/,http://larbi.org/,0
http://klamia.canalblog.com/,http://kugelschreiber.canalblog.com/,0
http://emigrant.canalblog.com/,http://larbi.org/,0
http://saad.amrani.free.fr/blog/,http://lemythe.com/,0
http://purplemind-candysha.blogspot.com/,http://al9adiya7amda.blogspot.com/,0
http://blogreda.blogspot.com/,http://sonofwords.blogspot.com/,0
http://blogreda.blogspot.com/,http://monagora.fr/,0
http://blogreda.blogspot.com/,http://cabalamuse.wordpress.com/,0
http://blogreda.blogspot.com/,http://larbi.org/,0
http://blogreda.blogspot.com/,http://poliquonautemarocain.blogspot.com/,0
http://blogreda.blogspot.com/,http://labelash.blogspot.com/,0
http://blogreda.blogspot.com/,http://lemythe.com/,0
http://blogreda.blogspot.com/,http://karlamassini.blogspot.com/,0
http://blogreda.blogspot.com/,http://www.eatbees.com/blog/,0
http://blogreda.blogspot.com/,http://louladekhmissbatata.wordpress.com/,0
http://myrtus.typepad.com/,http://adilski.blogspot.com/,0
http://myrtus.typepad.com/,http://cabalamuse.wordpress.com/,0
http://myrtus.typepad.com/,http://lailalalami.com/,0
http://myrtus.typepad.com/,http://larbi.org/,0
http://myrtus.typepad.com/,http://www.eatbees.com/blog/,0
http://myrtus.typepad.com/,http://louladekhmissbatata.wordpress.com/,0
http://myrtus.typepad.com/,http://murmures.net/,0
http://sebti.fr/,http://oef75.blogspot.com/,0
http://sebti.fr/,http://larbi.org/,0
http://sebti.fr/,http://poliquonautemarocain.blogspot.com/,0
http://larbi.org/,http://monagora.fr/,0
http://larbi.org/,http://blogreda.blogspot.com/,0
http://larbi.org/,http://sebti.fr/,0
http://larbi.org/,http://poliquonautemarocain.blogspot.com/,0
http://larbi.org/,http://www.eatbees.com/blog/,0
http://larbi.org/,http://kingstoune.com/,0
http://larbi.org/,http://www.anasalaoui.com/,0
http://poliquonautemarocain.blogspot.com/,http://monagora.fr/,0
http://poliquonautemarocain.blogspot.com/,http://blogreda.blogspot.com/,0
http://poliquonautemarocain.blogspot.com/,http://larbi.org/,0
http://poliquonautemarocain.blogspot.com/,http://al9adiya7amda.blogspot.com/,0
http://poliquonautemarocain.blogspot.com/,http://kingstoune.com/,0
http://poliquonautemarocain.blogspot.com/,http://www.anasalaoui.com/,0
http://labelash.blogspot.com/,http://supertimba.skynetblogs.be/,0
http://labelash.blogspot.com/,http://oef75.blogspot.com/,0
http://labelash.blogspot.com/,http://marouki.joeuser.com/,0
http://labelash.blogspot.com/,http://cabalamuse.wordpress.com/,0
http://labelash.blogspot.com/,http://blogreda.blogspot.com/,0
http://labelash.blogspot.com/,http://larbi.org/,0
http://labelash.blogspot.com/,http://karlamassini.blogspot.com/,0
http://labelash.blogspot.com/,http://louladekhmissbatata.wordpress.com/,0
http://labelash.blogspot.com/,http://kingstoune.com/,0
http://labelash.blogspot.com/,http://makhoudjit.blogspot.com/,0
http://9afia.blogspot.com/,http://www.7didane.org/,0
http://9afia.blogspot.com/,http://monagora.fr/,0
http://9afia.blogspot.com/,http://larbi.org/,0
http://9afia.blogspot.com/,http://lemythe.com/,0
http://9afia.blogspot.com/,http://kalima.hautetfort.com/,0
http://9afia.blogspot.com/,http://murmures.net/,0
http://lemythe.com/,http://blogreda.blogspot.com/,0
http://karlamassini.blogspot.com/,http://lailalalami.com/,0
http://karlamassini.blogspot.com/,http://blogreda.blogspot.com/,0
http://karlamassini.blogspot.com/,http://labelash.blogspot.com/,0
http://karlamassini.blogspot.com/,http://louladekhmissbatata.wordpress.com/,0
http://karlamassini.blogspot.com/,http://murmures.net/,0
http://karlamassini.blogspot.com/,http://kennza.wordpress.com/,0
http://www.eatbees.com/blog/,http://sonofwords.blogspot.com/,0
http://www.eatbees.com/blog/,http://adilski.blogspot.com/,0
http://www.eatbees.com/blog/,http://cabalamuse.wordpress.com/,0
http://www.eatbees.com/blog/,http://lailalalami.com/,0
http://www.eatbees.com/blog/,http://blogreda.blogspot.com/,0
http://www.eatbees.com/blog/,http://myrtus.typepad.com/,0
http://www.eatbees.com/blog/,http://larbi.org/,0
http://www.eatbees.com/blog/,http://9afia.blogspot.com/,0
http://www.eatbees.com/blog/,http://lemythe.com/,0
http://www.eatbees.com/blog/,http://louladekhmissbatata.wordpress.com/,0
http://www.eatbees.com/blog/,http://mohblog.blogspot.com/,0
http://www.eatbees.com/blog/,http://kingstoune.com/,0
http://www.eatbees.com/blog/,http://murmures.net/,0
http://www.eatbees.com/blog/,http://makhoudjit.blogspot.com/,0
http://kalima.hautetfort.com/,http://larbi.org/,0
http://kalima.hautetfort.com/,http://lemythe.com/,0
http://kalima.hautetfort.com/,http://louladekhmissbatata.wordpress.com/,0
http://lallamenana.free.fr/,http://labelash.blogspot.com/,0
http://louladekhmissbatata.wordpress.com/,http://www.7didane.org/,0
http://louladekhmissbatata.wordpress.com/,http://monagora.fr/,0
http://louladekhmissbatata.wordpress.com/,http://cabalamuse.wordpress.com/,0
http://louladekhmissbatata.wordpress.com/,http://blogreda.blogspot.com/,0
http://louladekhmissbatata.wordpress.com/,http://larbi.org/,0
http://louladekhmissbatata.wordpress.com/,http://labelash.blogspot.com/,0
http://louladekhmissbatata.wordpress.com/,http://lemythe.com/,0
http://louladekhmissbatata.wordpress.com/,http://www.eatbees.com/blog/,0
http://louladekhmissbatata.wordpress.com/,http://mohblog.blogspot.com/,0
http://louladekhmissbatata.wordpress.com/,http://murmures.net/,0
http://louladekhmissbatata.wordpress.com/,http://kennza.wordpress.com/,0
http://louladekhmissbatata.wordpress.com/,http://www.anasalaoui.com/,0
http://kugelschreiber.canalblog.com/,http://sonofwords.blogspot.com/,0
http://kugelschreiber.canalblog.com/,http://monagora.fr/,0
http://kugelschreiber.canalblog.com/,http://klamia.canalblog.com/,0
http://kugelschreiber.canalblog.com/,http://slimane.canalblog.com/,0
http://kugelschreiber.canalblog.com/,http://larbi.org/,0
http://kugelschreiber.canalblog.com/,http://louladekhmissbatata.wordpress.com/,0
http://mohblog.blogspot.com/,http://monagora.fr/,0
http://mohblog.blogspot.com/,http://larbi.org/,0
http://mohblog.blogspot.com/,http://lemythe.com/,0
http://mohblog.blogspot.com/,http://kugelschreiber.canalblog.com/,0
http://mohblog.blogspot.com/,http://www.anasalaoui.com/,0
http://kingstoune.com/,http://www.7didane.org/,0
http://kingstoune.com/,http://larbi.org/,0
http://kingstoune.com/,http://www.eatbees.com/blog/,0
http://murmures.net/,http://www.7didane.org/,0
http://murmures.net/,http://monagora.fr/,0
http://murmures.net/,http://lailalalami.com/,0
http://murmures.net/,http://klamia.canalblog.com/,0
http://murmures.net/,http://myrtus.typepad.com/,0
http://murmures.net/,http://larbi.org/,0
http://murmures.net/,http://labelash.blogspot.com/,0
http://murmures.net/,http://9afia.blogspot.com/,0
http://murmures.net/,http://lemythe.com/,0
http://murmures.net/,http://karlamassini.blogspot.com/,0
http://murmures.net/,http://www.eatbees.com/blog/,0
http://murmures.net/,http://kalima.hautetfort.com/,0
http://murmures.net/,http://louladekhmissbatata.wordpress.com/,0
http://murmures.net/,http://kennza.wordpress.com/,0
http://kennza.wordpress.com/,http://sonofwords.blogspot.com/,0
http://kennza.wordpress.com/,http://lailalalami.com/,0
http://kennza.wordpress.com/,http://karlamassini.blogspot.com/,0
http://kennza.wordpress.com/,http://louladekhmissbatata.wordpress.com/,0
http://kennza.wordpress.com/,http://murmures.net/,0
http://nowbi.over-blog.com/,http://boubouh.over-blog.com/,0
http://oef75.blogspot.com/,http://larbi.org/,1
http://oef75.blogspot.com/,http://www.7didane.org/,1
http://oef75.blogspot.com/,http://sonofwords.blogspot.com/,1
http://oef75.blogspot.com/,http://lailalalami.com/,1
http://oef75.blogspot.com/,http://blogreda.blogspot.com/,1
http://oef75.blogspot.com/,http://www.anasalaoui.com/,1
http://larbi.org/,http://oef75.blogspot.com/,1
http://larbi.org/,http://kingstoune.com/,1
http://larbi.org/,http://www.7didane.org/,1
http://larbi.org/,http://sonofwords.blogspot.com/,1
http://larbi.org/,http://9afia.blogspot.com/,1
http://larbi.org/,http://lailalalami.com/,1
http://larbi.org/,http://blogreda.blogspot.com/,1
http://larbi.org/,http://www.anasalaoui.com/,1
http://kingstoune.com/,http://larbi.org/,1
http://kingstoune.com/,http://www.7didane.org/,1
http://kingstoune.com/,http://sonofwords.blogspot.com/,1
http://kingstoune.com/,http://www.eatbees.com/blog/,1
http://kingstoune.com/,http://lailalalami.com/,1
http://kingstoune.com/,http://blogreda.blogspot.com/,1
http://kingstoune.com/,http://www.anasalaoui.com/,1
http://cabalamuse.wordpress.com/,http://larbi.org/,1
http://cabalamuse.wordpress.com/,http://www.7didane.org/,1
http://cabalamuse.wordpress.com/,http://lailalalami.com/,1
http://cabalamuse.wordpress.com/,http://blogreda.blogspot.com/,1
http://www.7didane.org/,http://oef75.blogspot.com/,1
http://www.7didane.org/,http://larbi.org/,1
http://www.7didane.org/,http://kingstoune.com/,1
http://www.7didane.org/,http://sonofwords.blogspot.com/,1
http://www.7didane.org/,http://www.anasalaoui.com/,1
http://sonofwords.blogspot.com/,http://oef75.blogspot.com/,1
http://sonofwords.blogspot.com/,http://larbi.org/,1
http://sonofwords.blogspot.com/,http://kingstoune.com/,1
http://sonofwords.blogspot.com/,http://www.7didane.org/,1
http://sonofwords.blogspot.com/,http://lailalalami.com/,1
http://sonofwords.blogspot.com/,http://blogreda.blogspot.com/,1
http://sonofwords.blogspot.com/,http://www.anasalaoui.com/,1
http://9afia.blogspot.com/,http://larbi.org/,1
http://9afia.blogspot.com/,http://lailalalami.com/,1
http://9afia.blogspot.com/,http://www.anasalaoui.com/,1
http://www.eatbees.com/blog/,http://larbi.org/,1
http://www.eatbees.com/blog/,http://kingstoune.com/,1
http://www.eatbees.com/blog/,http://sonofwords.blogspot.com/,1
http://www.eatbees.com/blog/,http://blogreda.blogspot.com/,1
http://lailalalami.com/,http://larbi.org/,1
http://lailalalami.com/,http://sonofwords.blogspot.com/,1
http://lailalalami.com/,http://www.anasalaoui.com/,1
http://blogreda.blogspot.com/,http://oef75.blogspot.com/,1
http://blogreda.blogspot.com/,http://larbi.org/,1
http://blogreda.blogspot.com/,http://kingstoune.com/,1
http://blogreda.blogspot.com/,http://cabalamuse.wordpress.com/,1
http://blogreda.blogspot.com/,http://sonofwords.blogspot.com/,1
http://blogreda.blogspot.com/,http://www.eatbees.com/blog/,1
http://blogreda.blogspot.com/,http://www.anasalaoui.com/,1
http://www.anasalaoui.com/,http://larbi.org/,1
http://www.anasalaoui.com/,http://kingstoune.com/,1
http://www.anasalaoui.com/,http://lailalalami.com/,1
http://www.anasalaoui.com/,http://blogreda.blogspot.com/,1